{"cameraMode":{"drawMode":0,"name":"Shaded","section":"Shading Mode"},"sceneLighting":false,"audioPlay":false,"sceneViewState":{"showFog":true,"showMaterialUpdate":false,"showSkybox":false,"showFlares":true,"showImageEffects":true,"showParticleSystems":true,"showVisualEffectGraphs":true,"m_FxEnabled":true},"in2DMode":false,"pivot":{"x":0.0016791382804512978,"y":0.31807589530944826,"z":-0.1900452822446823},"rotation":{"x":0.005537806078791618,"y":0.9878661036491394,"z":-0.1511300802230835,"w":0.03619050607085228},"size":0.22149474918842317,"orthographic":false}