{"cameraMode":{"drawMode":0,"name":"Shaded","section":"Shading Mode"},"sceneLighting":false,"audioPlay":false,"sceneViewState":{"showFog":true,"showMaterialUpdate":false,"showSkybox":false,"showFlares":true,"showImageEffects":true,"showParticleSystems":true,"showVisualEffectGraphs":true,"m_FxEnabled":true},"in2DMode":false,"pivot":{"x":1.0864722728729249,"y":0.5634381771087647,"z":0.024552106857299806},"rotation":{"x":-0.09041587263345719,"y":0.8867967128753662,"z":-0.1962665468454361,"w":-0.40852877497673037},"size":1.6081593036651612,"orthographic":false}