{"cameraMode":{"drawMode":0,"name":"Shaded","section":"Shading Mode"},"sceneLighting":false,"audioPlay":false,"sceneViewState":{"showFog":true,"showMaterialUpdate":false,"showSkybox":false,"showFlares":true,"showImageEffects":true,"showParticleSystems":true,"showVisualEffectGraphs":true,"m_FxEnabled":true},"in2DMode":false,"pivot":{"x":0.6859018802642822,"y":1.2251635789871216,"z":0.023507680743932725},"rotation":{"x":0.05829145759344101,"y":0.07718834280967713,"z":-0.00452071288600564,"w":0.9952991604804993},"size":5.100017547607422,"orthographic":false}