{"cameraMode":{"drawMode":0,"name":"Shaded","section":"Shading Mode"},"sceneLighting":false,"audioPlay":false,"sceneViewState":{"showFog":true,"showMaterialUpdate":false,"showSkybox":false,"showFlares":true,"showImageEffects":true,"showParticleSystems":true,"showVisualEffectGraphs":true,"m_FxEnabled":true},"in2DMode":false,"pivot":{"x":-0.010418042540550232,"y":0.8476213216781616,"z":-0.0025679469108581545},"rotation":{"x":-0.0289448332041502,"y":-0.9710568189620972,"z":0.16650183498859406,"w":-0.16889835894107819},"size":0.9961789846420288,"orthographic":false}